To,From,Category,Status
D4rkBlizZ4rD,?????12,player,enabled
D4rkBlizZ4rD,??,player,enabled
Fenrir's Chest,"Fenrir""s Chest",chest,enabled
Hermes' Store,"Hermes"" Store",source,disabled
Warrior's Chest,"VVarrior""s Chest""",chest,disabled
Clan wealth,Clan vvealth,source,enabled
Osmanl?Torunu,OsmanliTorunu,player,enabled
Epic Ancient squad,Epic Ancient sguad,source,enabled
Snowweaver,Snovvvveaver,player,enabled
Krümelmonster,Krimelmonster,player,enabled
GUARDIENofTHUNDER,GUARDIENOfTHUNDER,player,enabled
Rare Chest of Wealth,Rare Chest of VVealth,chest,enabled
Epic Chest of Wealth,Epic Chest of Vvealth,chest,enabled
Sir Nightwoolf,Sir Nightvvoolf,player,enabled
Hammerschlag1,Hammerschlagi,player,enabled
Feldjäger,Feldjager,player,enabled
Feldjäger,Feldj?r,player,enabled
Lord Öre,Lord Ore,player,enabled
Lord Öre,Lord ?e,player,enabled
Epic Fenrir squad,Epic Fenrir sguad,source,enabled
Quick March Chest,Ouick March Chest,chest_type,enabled
Epic Fenrir squad,Epic Fenrir sguad,source,enabled
Union of Triumph personal reward,Union of Triumph personal revvard,source,enabled
reward,revvard,general,enabled
squad,sguad,general,enabled
Wealth,Vvealth,general,enabled
Wealth,VVealth,general,enabled
Julius Cäsar,Juslius C?r,player,enabled
Julius Cäsar,Juslius Cäsar,player,enabled
Julius Cäsar,Julius Casar,player,enabled
Ancients',"Ancients""",general,enabled
Quick March Chest,Quick March Chest Chest,chest_type,enabled
Union of Triumph personal reward,Union of Triumf personal reward,general,enabled
Triumph,Triumf,general,enabled
Triumph,Triumfp,general,enabled
Jormungandr,JÃªrmungandr,general,enabled
Jormungandr,Jêrmungandr,general,enabled
Jormungandr,J?mungandr,general,enabled
Jormungandr,JÃ²rmungandr,general,enabled
Jormungandr's,Jòrmungandr's,general,enabled
Jormungandr's,JÃ²rmungandr's,general,enabled
Jormungandr Shop,JÃ²rmungandr Shop,source,enabled
Jormungandr Shop,Jòrmungandr Shop,source,enabled
Jormungandr's Chest,Jòrmungandr's Chest,chest_type,enabled
Epic Jormungandr squad,Epic Jêrmungandr sguad,source,enabled
Arachne's Swarm Epic squad,Arachne's Svvarm Epic sguad,source,enabled
Arachne's Swarm Epic squad,Arachne's Swarm Epic sguad,source,enabled
